-- phpMyAdmin SQL Dump
-- version 5.2.1
-- https://www.phpmyadmin.net/
--
-- Host: 127.0.0.1
-- Generation Time: Jan 30, 2024 at 03:57 AM
-- Server version: 10.4.28-MariaDB
-- PHP Version: 8.2.4

SET SQL_MODE = "NO_AUTO_VALUE_ON_ZERO";
START TRANSACTION;
SET time_zone = "+00:00";


/*!40101 SET @OLD_CHARACTER_SET_CLIENT=@@CHARACTER_SET_CLIENT */;
/*!40101 SET @OLD_CHARACTER_SET_RESULTS=@@CHARACTER_SET_RESULTS */;
/*!40101 SET @OLD_COLLATION_CONNECTION=@@COLLATION_CONNECTION */;
/*!40101 SET NAMES utf8mb4 */;

--
-- Database: `itservice_db`
--

-- --------------------------------------------------------

--
-- Table structure for table `tbl_access_ct`
--

CREATE TABLE `tbl_access_ct` (
  `ac_id` int(11) NOT NULL,
  `ac_ip` varchar(64) NOT NULL,
  `ac_device_name` varchar(32) NOT NULL,
  `place_id` int(11) NOT NULL
) ENGINE=InnoDB DEFAULT CHARSET=utf8mb4 COLLATE=utf8mb4_general_ci;

--
-- Dumping data for table `tbl_access_ct`
--

INSERT INTO `tbl_access_ct` (`ac_id`, `ac_ip`, `ac_device_name`, `place_id`) VALUES
(1, '10.29.11.11	', '1111-80YB-ประตูหน้าลิฟท์	', 1),
(2, '10.29.11.12	', '1112-80Y3-PICU	', 1),
(3, '10.29.11.14	', '1114-80Y10-ศูนย์บำบัดไต	', 1),
(4, '10.29.11.15	', '1115-80Y6-IT-DEP	', 1),
(5, '10.29.11.16	', '1116-80Y7-หอผู้ป่วย	', 1),
(6, '10.29.11.17	', '1117-80Y7-หอผู้ป่วยศัลย์เด็ก	', 1),
(7, '10.29.11.18	', '1118-80Y7-ห้อง อ.ปิยวรรณ	', 1),
(8, '10.29.11.19	', '1119-80Y8-หอผู้ป่วย	', 1),
(9, '10.29.11.20	', '1120-80Y8-สถาบัน NKC	', 1),
(10, '10.29.11.21	', '1121-80Y9-หอผู้ป่วย	', 1),
(11, '10.29.11.22	', '1122-80Y10-หอผู้ป่วย	', 1),
(12, '10.29.11.23	', '1123-80Y11-หอผู้ป่วย	', 1),
(13, '10.29.11.24	', '1124-80Y12-หอผู้ป่วย	', 1),
(14, '10.29.11.25	', '1125-80Y5-ศูนย์ถันยเวช	', 1),
(15, '10.29.11.26	', '1126-80Y4-ศูนย์พัฒนาการเด็ก	', 1),
(16, '10.29.11.27	', '1127-80Y4-ทางเชื่อมชั้น 4	', 1),
(17, '10.29.11.51	', '1151-ADM1-งานประชาสัมพันธ์	', 2),
(18, '10.29.11.52	', '1152-ADM2-หน่วยผลิตตำรา	', 2),
(19, '10.29.11.53	', '1153-ADM2-งานอาคารฯ	', 2),
(20, '10.29.11.54	', '1154-ADM2-ส่งเสริมศิลปวัฒนฯ	', 2),
(21, '10.29.11.55	', '1155-ADM3-งานคลัง	', 2),
(22, '10.29.11.56	', '1156-ADM3-งานพัสดุ	', 2),
(23, '10.29.11.57	', '1157-ADM4-งานการเจ้าหน้าที่	', 2),
(24, '10.29.11.58	', '1158-ADM4-งานนโยบายและแผน	', 2),
(25, '10.29.11.59	', '1159-ADM4-HREC	', 2),
(26, '10.29.11.60	', '1160-ADM4-SRMU	', 2),
(27, '10.29.11.61	', '1161-ADM4-หน่วยเวชสาร	', 2),
(28, '10.29.11.62	', '1162-ADM4-งานวินัยและนิติฯ 	', 2),
(29, '10.29.11.63	', '1163-ADM3-ห้องผู้บริหารฯ	', 2),
(30, '10.29.11.64	', '1164-ADM2-ห้องเก็บพัสดุฯ	', 2),
(31, '10.29.11.65	', '1165-ADM1-ลงเวลา1	', 2),
(32, '10.29.11.66	', '1166-ADM1-ทางเข้าอาคาร2	', 2),
(33, '10.29.11.67	', '1167-ADM1-ทางเข้าอาคาร3	', 2),
(34, '10.29.12.11	', '1211-PDB-หน่วยขนย้ายผู้ป่วย	', 3),
(35, '10.29.12.12	', '1212-PDB-งานโภชนาการ	', 3),
(36, '10.29.12.13	', '1213-PD1-OneStopข้าง	', 3),
(37, '10.29.12.14	', '1214-PD1-OneStopหลัก	', 3),
(38, '10.29.12.17	', '1217-PD1-บัตรผู้ป่วยนอก	', 3),
(39, '10.29.12.18	', '1218-PD1-เวชระเบียน	', 3),
(40, '10.29.12.19	', '1219-PD1- ห้องโทรศัพท์ 	', 3),
(41, '10.29.12.20	', '1220-PD1-มูลนิธิ ประตู1	', 3),
(42, '10.29.12.21	', '1221-PD1-มูลนิธิ ประตู2	', 3),
(43, '10.29.12.22	', '1222-PD2-ห้องผู้อำนวยการ รพ.	', 3),
(44, '10.29.12.23	', '1223-PD2-CCTV1	', 3),
(45, '10.29.12.24	', '1224-PD2-CCTV2	', 3),
(46, '10.29.12.25	', '1225-PD2-หน่วยคุณภาพ	', 3),
(47, '10.29.12.26	', '1226-PD2-งานสิทธิประโยชน์	', 3),
(48, '10.29.12.27	', '1227-PD2-งานเงินรายได้	', 3),
(49, '10.29.12.28	', '1228-PD2-ธุรการ	', 3),
(50, '10.29.12.30	', '1230-PD3-ห้องพักแพทย์กุมาร	', 3),
(51, '10.29.12.31	', '1231-PD3-NICU	', 3),
(52, '10.29.12.33	', '1233-PD3-ให้คำปรึกษา	', 3),
(53, '10.29.12.34	', '1234-PD3-พักอ.เวชศาสตร์	', 3),
(54, '10.29.12.35	', '1235-PD8-มะเร็งนรีเวช	', 3),
(55, '10.29.12.36	', '1236-PD3-อัลตร้าซาวด์	', 3),
(56, '10.29.12.38	', '1238-PD4-ภาควิชาสูตินรีเวช	', 3),
(57, '10.29.12.39	', '1239-PD4-หอผู้ป่วยพิเศษ	', 3),
(58, '10.29.12.40	', '1240-PD5-หอผู้ป่วยเด็ก1	', 3),
(59, '10.29.12.41	', '1241-PD5-ห.ผู้ป่วยเด็ก PMCU	', 3),
(60, '10.29.12.43	', '1243-PD6-หอผู้ป่วยเด็ก2	', 3),
(61, '10.29.12.46	', '1246-PD7-หอผู้ป่วยพิเศษเด็ก	', 3),
(62, '10.29.12.47	', '1247-PD8-หอผู้ป่วยนรีเวช	', 3),
(63, '10.29.12.48	', '1248-PD1-ลงเวลา2	', 3),
(64, '10.29.12.49	', '1249-MDSR12- โลหิตวิทยา	', 4),
(65, '10.29.12.60	', '1260-HSB-ห้องเด็กอ่อน	', 5),
(66, '10.29.12.61	', '1261-HSB-รับส่งผู้ป่วยห้องผ่าตัด', 5),
(67, '10.29.12.62	', '1262-HS3-เปลี่ยนชุดหญิง	', 5),
(68, '10.29.12.63	', '1263-HS3-เปลี่ยนชุดชาย	', 5),
(69, '10.29.12.64	', '1264-HS3-ผ่าตัดใหญ่-เก็บวัสดุ	', 5),
(70, '10.29.12.65	', '1265-MDSR7-น.ศัลย์หลอดเลือด	', 5),
(71, '10.29.12.70	', '1270-MDSR4-ห้องพักแพทย์ ญ	', 4),
(72, '10.29.12.71	', '1271-MDSR4-Common Room	', 4),
(73, '10.29.12.72	', '1272-MDSR4-ห้องสมุด	', 4),
(74, '10.29.12.73	', '1273-MDSR4-ห้องพักแพทย์ ช	', 4),
(75, '10.29.12.74	', '1274-MDSR7-หอผู้ป่วย ศช.1	', 4),
(76, '10.29.12.75	', '1275-MDSR8-หอป่วยพิเศษ อช.2	', 4),
(77, '10.29.12.76	', '1276-MDSR9-หอผู้ป่วย อช.1	', 4),
(78, '10.29.12.77	', '1277-MDSR10-หอผู้ป่วย อท.	', 4),
(79, '10.29.12.78	', '1278-MDSR10-MRCU-OR	', 4),
(80, '10.29.12.79	', '1279-MDSR11-หอผู้ป่วย อญ.	', 4),
(81, '10.29.12.80	', '1280-MDSR3-SICU	', 4),
(82, '10.29.12.81	', '1281-MDSR3-MICUศูนย์อุปกรณ์	', 4),
(83, '10.29.12.82	', '1282-MDSR4-หอผู้ป่วยศญ.	', 4),
(84, '10.29.12.84	', '1284-MDSR5-หอผู้ป่วย หูคอ	', 4),
(85, '10.29.12.85	', '1285-MDSR5-หอผู้ป่วย ศช.2	', 4),
(86, '10.29.12.86	', '1286-MDSR6-หอผู้ป่วยตา	', 4),
(87, '10.29.12.87	', '1287-MDSR6-หอผู้ป่วยพิเศษ	', 4),
(88, '10.29.12.88	', '1288-MDSR12-ภาคอายุรศาสตร์	', 4),
(89, '10.29.12.90	', '1290-MDSR1-หอผู้ป่วยจิตเวชin	', 4),
(90, '10.29.12.91	', '1291-MDSR1-หอผู้ป่วยจิตเวชout	', 4),
(91, '10.29.12.92	', '1292-MDSR5-ศัลย์หัวใจทรวงอก	', 4),
(92, '10.29.12.93	', '1293-MDSR8-ห้องพักอาจารย์	', 4),
(93, '10.29.12.94	', '1294-MDSR8-ห้องพักจนท.	', 4),
(94, '10.29.12.95	', '1295-MDSR5-ศัลย์อุบัติเหตุ	', 4),
(95, '10.29.12.96	', '1296-MDSR10-ห้องพักอาจารย์	', 4),
(96, '10.29.12.97	', '1297-MDSR11-ห้องพักแพทย์ภ.อายุ	', 4),
(97, '10.29.12.98	', '1298-HSB-ห้องผ่าตัดเล็ก	', 5),
(98, '10.29.12.99	', '1299-PD4-สาขาวิชากุมารเวชฯ	', 3),
(99, '10.29.13.11	', '1311-100YB-ศูนย์คัดกรอง	', 6),
(100, '10.29.13.13	', '1313-100Y2-แผนกนิวโร	', 6),
(101, '10.29.13.14	', '1314-100Y3-เปลี่ยนเสื้อจนท	', 6),
(102, '10.29.13.17	', '1317-100Y4-Stroke unit	', 6),
(103, '10.29.13.18	', '1318-100Y4-ปฏิบัติการCRC	', 6),
(104, '10.29.13.19	', '1319-100Y4-ประตูหน้าCRC	', 6),
(105, '10.29.13.21	', '1321-100Y4-ห้องพักเจ้าหน้าที่	', 6),
(106, '10.29.13.22	', '1322-100Y5-PICUบุคลากร	', 6),
(107, '10.29.13.23	', '1323-100Y5-PUI-ประตูหน้า	', 6),
(108, '10.29.13.24	', '1324-100Y5-PUI-ประตูหลัง	', 6),
(109, '10.29.13.25	', '1325-100Y6-ชีวการแพทย์	', 6),
(110, '10.29.13.26	', '1326-100Y6-ศูนย์เลสิค	', 6),
(111, '10.29.13.29	', '1329-100YB-Ambulatory	', 6),
(112, '10.29.13.30	', '1330-100YB-หัถการและส่องกล้อง	', 6),
(113, '10.29.13.33	', '1333-EETNB-เภสัชคลังยา_in	', 7),
(114, '10.29.13.34	', '1334-EETNB-เภสัชคลังยา_out	', 7),
(115, '10.29.13.35	', '1335-EETNB-สำนักงานคลังยา_in	', 7),
(116, '10.29.13.36	', '1336-EETNB-สำนักงานคลังยา_out	', 7),
(117, '10.29.13.37	', '1337-EETNB-คลังพัสดุ	', 7),
(118, '10.29.13.38	', '1338-EETN1-เภสัชฯ ด้านใน	', 7),
(119, '10.29.13.39	', '1339-EETN1-การเงินผู้ป่วยใน_in	', 7),
(120, '10.29.13.40	', '1340-EETN1-การเงินผู้ป่วยใน_out	', 7),
(121, '10.29.13.41	', '1341-EETN1-การเงินผู้ป่วยนอก_in	', 7),
(122, '10.29.13.42	', '1342-EETN1-การเงินผู้ป่วยนอก_out', 7),
(123, '10.29.13.43	', '1343-EETN3-MICUห้องล้างของ	', 7),
(124, '10.29.13.44	', '1344-EETN4-ภ.วิสัญญีวิทยา	', 7),
(125, '10.29.13.45	', '1345-EETN4-ภ.จักษุวิทยา	', 7),
(126, '10.29.13.46	', '1346-EETN2-ภ.จิตเวชศาสตร์	', 7),
(127, '10.29.13.50	', '1350-EETN1-ฝ่ายเภสัชin	', 7),
(128, '10.29.13.51	', '1351-EETN1-ฝ่ายเภสัชout	', 7),
(129, '10.29.13.52	', '1352-EETNB-จ่ายผ้ากลาง	', 7),
(130, '10.29.14.11	', '1411-RAT1-ห้องบัตรฉุกเฉิน	', 8),
(131, '10.29.14.12	', '1412-RAT1-ห้องฉุกเฉินหน้า	', 8),
(132, '10.29.14.13	', '1413-RAT1-ห้องวิทยุสมัครเล่น	', 8),
(133, '10.29.14.14	', '1414-RAT1-ล็อคเกอร์ER	', 8),
(134, '10.29.14.15	', '1415-RAT1-ห้องฉุกเฉินหลัง	', 8),
(135, '10.29.14.16	', '1416-RAT1-ประตูสไลด์	', 8),
(136, '10.29.14.17	', '1417-RAT1-ประตูทางหนีไฟ	', 8),
(137, '10.29.14.18	', '1418-RAT1-เอ็กซเรย์คอมฯ	', 8),
(138, '10.29.14.19	', '1419-RAT2-ห้องพักแพทย์	', 8),
(139, '10.29.14.20	', '1420-RAT2-งานการเงิน	', 8),
(140, '10.29.14.23	', '1423-RAT2-งานสิทธิประโยชน์	', 8),
(141, '10.29.14.24	', '1424-RAT2-ฝ่ายเภสัช-ห้องยา	', 8),
(142, '10.29.14.25	', '1425-RAT3-เปลี่ยนเสื้อผ้า ญ	', 8),
(143, '10.29.14.26	', '1426-RAT3-เปลี่ยนเสื้อผ้า ช	', 8),
(144, '10.29.14.27	', '1427-RAT3-ห้องเก็บยาวิสัญญี	', 8),
(145, '10.29.14.28	', '1428-RAT3-ห้องผ่าตัดทางเข้าหลัก	', 8),
(146, '10.29.14.29	', '1429-RAT4-MED Psu Space	', 8),
(147, '10.29.14.30	', '1430-RAT4-ศูนย์การเรียนรู้ฯ	', 8),
(148, '10.29.14.31	', '1431-RAT5-หอผู้ป่วย Burn	', 8),
(149, '10.29.14.32	', '1432-RAT5-ห.Burn(ด้านหลัง)	', 8),
(150, '10.29.14.33	', '1433-RAT7-HOCC_PSU	', 8),
(151, '10.29.14.34	', '1434-RAT6-หอผู้ป่วยศัลย์ประสาท	', 8),
(152, '10.29.14.35	', '1435-RAT6-ห้องพักศัลย์	', 8),
(153, '10.29.14.36	', '1436-RAT7-หอผู้ป่วยศัลย์เด็ก	', 8),
(154, '10.29.14.37	', '1437-RAT8-หอผู้ป่วย	', 8),
(155, '10.29.14.38	', '1438-RAT9-หอผู้ป่วยเวชวิวัฒน์3	', 8),
(156, '10.29.14.39	', '1439-RAT10-หอผู้ป่วยเวชวิวัฒน์2	', 8),
(157, '10.29.14.40	', '1440-RAT11-หอผู้ป่วยเวชวิวัฒน์1	', 8),
(158, '10.29.14.41	', '1441-RAT12-ประตูหน้าลิฟท์	', 8),
(159, '10.29.14.42	', '1442-RAT12-เวชศาสตร์ฉุกเฉิน_in	', 8),
(160, '10.29.14.43	', '1443-RAT12-เวชศาสตร์ฉุกเฉิน_out	', 8),
(161, '10.29.14.44	', '1444-RAT12-เก็บอุปกรณ์	', 8),
(162, '10.29.15.11	', '1511-OTHO2-พักแพทย์เวชศาส	', 9),
(163, '10.29.15.12	', '1512-OTHO2-พักแพทย์ออร์โธ ญ	', 9),
(164, '10.29.15.13	', '1513-OTHO2-หอผู้ป่วยช.	', 9),
(165, '10.29.15.14	', '1514-OTHO3-หอผู้ป่วยญ.	', 9),
(166, '10.29.15.15	', '1515-OTHOB-ห้องพักนักกายภาพ	', 10),
(167, '10.29.15.16	', '1516-MDSR2-ควบคุมการติดเชื้อ	', 4),
(168, '10.29.15.18	', '1518-PTHOB-งานเวชภัณฑ์กลาง	', 10),
(169, '10.29.15.20	', '1520-PTHOB-เวชภัณฑ์กลางภายใน	', 10),
(170, '10.29.15.21	', '1521-PTHOB-ข้างห้องMRI	', 10),
(171, '10.29.15.22	', '1522-PTHO1-ทางเข้าภาควิชา	', 10),
(172, '10.29.15.23	', '1523-PTHO1-บันไดหลัง	', 10),
(173, '10.29.15.25	', '1525-PTHO1-บันไดหน้า	', 10),
(174, '10.29.15.26	', '1526-PTHO1-ทางเชื่อม12	', 10),
(175, '10.29.15.27	', '1527-PTHO2-ทางเข้าภาควิชา	', 10),
(176, '10.29.15.30	', '1530-PTHO3-ทางเข้าภาควิชา	', 10),
(177, '10.29.15.31	', '1531-PTHO4-ทางเข้าภาควิชา	', 10),
(178, '10.29.15.32	', '1532-PTHOB-ลงเวลา3	', 10),
(179, '10.29.15.41	', '1541-RDM-molecular	', 11),
(180, '10.29.15.42	', '1542-RDM2ห้องตรวจ SPECT	', 11),
(181, '10.29.15.43	', '1543-OTHO1-ตรวจการได้ยิน	', 7),
(182, '10.29.15.70	', '1570-RDM3-หน่วยมีบุตรยาก	', 3),
(183, '10.29.16.11	', '1611-SRVB-ห้องพักเวรชาย	', 12),
(184, '10.29.16.12	', '1612-SRVB-ห้องพักเวรหญิง	', 12),
(185, '10.29.16.13	', '1613-SRVB-ข้างบันไดเลื่อน	', 12),
(186, '10.29.16.14	', '1614-SRVB-ทางออกด้านหลัง	', 12),
(187, '10.29.16.15	', '1615-SRVB-เข้าศูนย์หลอดเลือด	', 12),
(188, '10.29.16.16	', '1616-SRVB-ห้องstock	', 12),
(189, '10.29.16.17	', '1617-SRVB-ห้องเวรเปล	', 12),
(190, '10.29.16.18	', '1618-SRVB-ทางเข้าหลัก	', 12),
(191, '10.29.16.19	', '1619-SRVB-แม่บ้านศ.หลอดเลือด	', 12),
(192, '10.29.16.20	', '1620-SRV1-ห้องการเงิน	', 12),
(193, '10.29.16.21	', '1621-SRV3-ICU-CVT1-ทางเข้าAuto	', 12),
(194, '10.29.16.22	', '1622-SRV3-ORCVT1-ทางเข้าOR	', 12),
(195, '10.29.16.23	', '1623-SRV3-ห้องประชุม-Auto	', 12),
(196, '10.29.16.24	', '1624-SRV3-ORCVT4ทางออกด้านข้าง	', 12),
(197, '10.29.16.25	', '1625-SRV3-ORCVT5ทางออกห้องล้าง	', 12),
(198, '10.29.16.26	', '1626-SRV3-ICU-CVT3-ประตูจนท	', 12),
(199, '10.29.16.27	', '1627-SRV3-ICU-CVT2-ห้องแยก	', 12),
(200, '10.29.16.28	', '1628-SRV3-ICU-CVT4-ห้องน้ำญ	', 12),
(201, '10.29.16.29	', '1629-SRV3-ICU-CVT5-ห้องน้ำช	', 12),
(202, '10.29.16.30	', '1630-SRV3-ICU-CVT6-ห้องยาIN	', 12),
(203, '10.29.16.31	', '1631-SRV3-ICU-CVT6-ห้องยาout	', 12),
(204, '10.29.16.32	', '1632-SRV3-ORCVT3-เปลี่ยนชุดหญิง	', 12),
(205, '10.29.16.33	', '1633-SRV3-ORCVT2-เปลี่ยนชุดชาย	', 12),
(206, '10.29.16.34	', '1634-SRV3-ORCVT8-พักแพทย์เวร	', 12),
(207, '10.29.16.35	', '1635-SRV4-ORCVT9-หลังห้องประชุม	', 12),
(208, '10.29.16.36	', '1636-SRV3-ORCVT7-เก็บเวชภัณฑ์	', 12),
(209, '10.29.16.37	', '1637-SRV4-ห้องตรวจหัวใจ	', 12),
(210, '10.29.16.38	', '1638-SRV4-ห้องสวนหัวใจ1	', 12),
(211, '10.29.16.39	', '1639-SRV-ห้องสวนหัวใจ2	', 12),
(212, '10.29.16.40	', '1640-SRV4-ห้องนัดสวนหัวใจ	', 12),
(213, '10.29.16.41	', '1641-SRV4-หอผู้ป่วย post cath	', 12),
(214, '10.29.16.42	', '1642-SRV4-ห้องยา post cath	', 12),
(215, '10.29.16.43	', '1643-SRV4-ห้องพักสวนหัวใจ	', 12),
(216, '10.29.16.44	', '1644-SRV4-ห้องเปลี่ยนผ้าสวนหัวใจ', 12),
(217, '10.29.16.45	', '1645-SRV-ห้องล้างเครื่องมือ	', 12),
(218, '10.29.16.46	', '1646-SRV8-ส.ชีวเวชและวิศวฯ	', 12),
(219, '10.29.16.47	', '1647-SRV8-ชีวเวชฯวิศวะ(ข้าง)	', 12),
(220, '10.29.16.48	', '1648-SRV9-ภ.ออร์โธ(ข้าง)	', 12),
(221, '10.29.16.49	', '1649-SRV9-ภ.ออร์โธ	', 12),
(222, '10.29.16.50	', '1650-SRV10-ห้องพักอ.กายภาพ	', 12),
(223, '10.29.16.51	', '1651-SRV10-กายภาพหน้า	', 12),
(224, '10.29.16.52	', '1652-SRV10-กายภาพหลัง	', 12),
(225, '10.29.16.53	', '1653-SRV11-ภ.เวชครอบครัว	', 12),
(226, '10.29.16.54	', '1654-SRV11-ภ.เวชครอบครัวหลัง	', 12),
(227, '10.29.16.55	', '1655-SRV14-ภ.ศัลย์ทางเข้า	', 12),
(228, '10.29.16.56	', '1656-SRV14-ภ.ศัลย์หลัง	', 12),
(229, '10.29.16.57	', '1657-SRV15-ภ.ศัลย์ทางเข้า	', 12),
(230, '10.29.16.58	', '1658-SRV15-ภ.ศัลย์หลัง	', 12),
(231, '10.29.16.59	', '1659-SRV12-ภ.รังสีทางเข้า	', 12),
(232, '10.29.16.60	', '1660-SRV12-ภ.รังสีทางหลัง	', 12),
(233, '10.29.16.70	', '1670-SRVB-ห้องหัวหน้าศูนย์	', 12),
(234, '10.29.16.71	', '1671-SRV3-ห้องจ่ายยาวิสัญ	', 12),
(235, '10.29.17.20	', '1720-RES1-ประตูลิฟท์ฝั่งลานจอดรถ', 13),
(236, '10.29.17.21	', '1721-RES1-โถงลิฟท์	', 13),
(237, '10.29.17.22	', '1722-RES2-ห้องประชุม	', 13),
(238, '10.29.17.23	', '1723-RES2-โถงลิฟท์	', 13),
(239, '10.29.17.24	', '1724-RES2-สำนักงานส่งเสริม	', 13),
(240, '10.29.17.25	', '1725-RES2-สำนักงาน EC	', 13),
(241, '10.29.17.26	', '10.29.17.26	', 13),
(242, '10.29.17.27	', '10.29.17.27	', 13),
(243, '10.29.17.28	', '10.29.17.28	', 13),
(244, '10.29.17.29	', '10.29.17.29	', 13),
(245, '10.29.17.30	', '10.29.17.30	', 13),
(246, '10.29.17.31	', '10.29.17.31	', 13),
(247, '10.29.17.32	', '10.29.17.32	', 13),
(248, '10.29.17.33	', '10.29.17.33	', 13),
(249, '10.29.17.34	', '10.29.17.34	', 13),
(250, '10.29.17.35	', '10.29.17.35	', 13),
(251, '10.29.17.36	', '10.29.17.36	', 13),
(252, '10.29.17.37	', '10.29.17.37	', 13),
(253, '10.29.17.38	', '10.29.17.38	', 13),
(254, '10.29.17.39	', '10.29.17.39', 13),
(255, '10.29.17.40	', '10.29.17.40	', 13),
(256, '10.29.17.41	', '10.29.17.41	', 13),
(257, '10.29.17.42	', '10.29.17.42	', 13),
(258, '10.29.17.43	', '10.29.17.43	', 13),
(259, '10.29.17.44	', '10.29.17.44	', 13),
(260, '10.29.17.45	', '10.29.17.45	', 13),
(261, '10.29.17.46	', '10.29.17.46	', 13),
(262, '10.29.17.47	', '10.29.17.47	', 13),
(263, '10.29.17.48	', '10.29.17.48	', 13),
(264, '10.29.17.49	', '10.29.17.49	', 13),
(265, '10.29.17.50	', '10.29.17.50	', 13),
(266, '10.29.17.51	', '10.29.17.51	', 13),
(267, '10.29.17.52	', '10.29.17.52	', 13),
(268, '10.29.17.53	', '10.29.17.53	', 13),
(269, '10.29.17.54	', '10.29.17.54	', 13),
(270, '10.29.17.55	', '10.29.17.55	', 13),
(271, '10.29.17.56	', '10.29.17.56	', 13),
(272, '10.29.17.57	', '10.29.17.57	', 13),
(273, '10.29.17.58	', '10.29.17.58	', 13),
(274, '10.29.17.59	', '10.29.17.59	', 13),
(275, '10.29.17.60	', '10.29.17.60	', 13),
(276, '10.29.18.11	', '1811-EDU-1ประตูหน้าอาคาร	', 16),
(277, '10.29.18.12	', '1812-EDU-งานวิศวะฯ	', 16),
(278, '10.29.18.13	', '1813-EDU1-ทางเข้าศูนย์ประชุม	', 16),
(279, '10.29.18.14	', '1814-EDU2-เข้า-ออก_ด้านหน้า	', 16),
(280, '10.29.18.15	', '1815-EDU2-เข้า-ออก_ด้านหลัง	', 16),
(281, '10.29.18.16	', '1816-EDU3- งานวิเทศสัมพันธ์	', 16),
(282, '10.29.18.17	', '1817-EDU3-สำนักงานงานโสตฯ	', 16),
(283, '10.29.18.18	', '1818-EDU-3ปฏิบัติการจุลทรรศน์	', 16),
(284, '10.29.18.19	', '1819-EDU3-สำนักงานCAI	', 16),
(285, '10.29.18.20	', '1820-EDU-3สำนักงานอาชีวอนามัย	', 16),
(286, '10.29.18.21	', '1821-EDU-4พิพิธภัณฑ์_หลัง	', 16),
(287, '10.29.18.22	', '1822-EDU-4จุลทรรศน์ _หลัง	', 16),
(288, '10.29.18.23	', '1823-EDU-4จุลทรรศน์_หน้า	', 16),
(289, '10.29.18.24	', '1824-EDU-4พิพิธภัณฑ์_หน้า	', 16),
(290, '10.29.18.25	', '1825-EDU6-คลีนิค เทรนนิ่ง	', 16),
(291, '10.29.18.26	', '1826-EDU6-เข้า-ออก_ด้านหน้า	', 16),
(292, '10.29.18.27	', '1827-EDU6-เข้า-ออก_ด้านหลัง	', 16),
(293, '10.29.18.28	', '1828-EDU7-ห้องผู้บริหาร	', 16),
(294, '10.29.18.29	', '1829-EDU-7สนง.แพทย์ศาสตร์ฯ	', 16),
(295, '10.29.18.30	', '1830-EDU-7งานกิจการนักศึกษา	', 16),
(296, '10.29.18.31	', '1831-EDU-7สนง.ทะเบียน	', 16),
(297, '10.29.18.34	', '1834-BIOM1-ชีวเวชประตูเข้า	', 14),
(298, '10.29.18.35	', '1835-BIOM3-ชีวเวชทางเชื่อม รพ.	', 14),
(299, '10.29.18.36	', '1836-EDU1-ลงเวลา4	', 16),
(300, '10.29.19.11	', '1911-DM-ประสานใจ1_B1	', 17),
(301, '10.29.19.12	', '10.29.19.12	', 17),
(302, '10.29.19.13	', '10.29.19.13	', 17),
(303, '10.29.19.14	', '10.29.19.14	', 17),
(304, '10.29.19.15	', '10.29.19.15	', 17),
(305, '10.29.19.16	', '10.29.19.16	', 17),
(306, '10.29.19.17	', '10.29.19.17	', 17),
(307, '10.29.19.18	', '10.29.19.18	', 17),
(308, '10.29.19.19	', '10.29.19.19	', 17),
(309, '10.29.19.20	', '10.29.19.20	', 17),
(310, '10.29.19.21	', '10.29.19.21	', 17),
(311, '10.29.19.22	', '10.29.19.22	', 17),
(312, '10.29.19.23	', '10.29.19.23	', 17),
(313, '10.29.19.24	', '10.29.19.24	', 17),
(314, '10.29.19.25	', '10.29.19.25	', 17),
(315, '10.29.19.26	', '1926-DM-ปิ่นสงขลา2_R1 	', 17),
(316, '10.29.19.27	', '1927-DM-ปิ่นสงขลา1_2	', 17),
(317, '10.29.19.28	', '1928-DM-ปิ่นสงขลา1_Q1	', 17),
(318, '10.29.19.29	', '1929	', 17),
(319, '10.29.19.30	', '1930	', 17),
(320, '10.29.19.31	', '1931	', 17),
(321, '10.29.19.32	', '1932	', 17),
(322, '10.29.19.33	', '1933	', 17),
(323, '10.29.19.51	', '1951	', 17),
(324, '10.29.19.52	', '1952	', 17),
(325, '10.29.19.53	', '1953-DM-ดาราคาม2_U1	', 17),
(326, '10.29.19.54	', '1954	', 17),
(327, '10.29.20.11	', '2011-DM-งามทักษิณ1_L1	', 17),
(328, '10.29.20.12	', '2012-DM-งามทักษิณ1_L2	', 17),
(329, '10.29.20.13	', '2013-DM-งามทักษิณ1_L3	', 17),
(330, '10.29.20.14	', '2014-DM-งามทักษิณ1_L4	', 17),
(331, '10.29.20.15	', '2015-DM-งามทักษิณ1_L5	', 17),
(332, '10.29.20.16	', '2016-DM-งามทักษิณ1_L6	', 17),
(333, '10.29.20.17	', '2017-DM-งามทักษิณ2_M1	', 17),
(334, '10.29.20.18	', '2018-DM-งามทักษิณ2_M2	', 17),
(335, '10.29.20.19	', '2019-DM-งามทักษิณ2_M3	', 17),
(336, '10.29.20.20	', '2020-DM-งามทักษิณ2_M4	', 17),
(337, '10.29.20.21	', '2021-DM-งามทักษิณ2_M5	', 17),
(338, '10.29.20.22	', '2022-DM-งามทักษิณ2_M6	', 17),
(339, '10.29.20.23	', '2023-DM-งามทักษิณ3_N1	', 17),
(340, '10.29.20.24	', '2024-DM-งามทักษิณ3_N2	', 17),
(341, '10.29.20.25	', '2025-DM-งามทักษิณ3_N3	', 17),
(342, '10.29.20.26	', '2026-DM-งามทักษิณ3_N4	', 17),
(343, '10.29.20.27	', '2027-DM-งามทักษิณ3_N5	', 17),
(344, '10.29.20.28	', '2028-DM-งามทักษิณ3_N6	', 17),
(345, '10.29.20.29	', '2029-DM-เวชคาม1_I1	', 17),
(346, '10.29.20.30	', '2030-DM-เวชคาม1_I2	', 17),
(347, '10.29.20.31	', '2031-DM-เวชคาม1_I3	', 17),
(348, '10.29.20.32	', '2032-DM-เวชคาม1_I4	', 17),
(349, '10.29.20.33	', '10.29.20.33	', 17),
(350, '10.29.20.34	', '2034-DM-เวชคาม2_H2	', 17),
(351, '10.29.20.35	', '2035-DM-เวชคาม2_H3	', 17),
(352, '10.29.20.36	', '2036-DM-เวชคาม2_H4	', 17),
(353, '10.29.20.37	', '2037-DM-เวชคาม3_G1	', 17),
(354, '10.29.20.38	', '2038-DM-เวชคาม3_G2	', 17),
(355, '10.29.20.39	', '2039-DM-เวชคาม3_G3	', 17),
(356, '10.29.20.40	', '2040-DM-เวชคาม3_G4	', 17),
(357, '10.29.20.41	', '2041-DM-ศรีตรัง1_ทางขึ้น	', 17),
(358, '10.29.20.42	', '2042-DM-ศรีตรัง1_ด้านหลัง	', 17),
(359, '10.29.20.43	', '2043-DM-ศรีตรัง2_K1	', 17),
(360, '10.29.20.44	', '2044-DM-ศรีตรัง2_K2	', 17),
(361, '10.29.20.45	', '2045-DM-ศรีตรัง2_K3	', 17),
(362, '10.29.20.46	', '2046-DM-ศรีตรัง2_K4	', 17),
(363, '10.29.20.47	', '2047-DM-ศรีตรัง2_K5	', 17),
(364, '10.29.20.48	', '2048-DM-ศรีตรัง2_K6	', 17),
(365, '10.29.20.49	', '2049-DM-ศรีตรัง2_K7	', 17),
(366, '10.29.20.50	', '2050-DM-ศรีตรัง3_J1	', 17),
(367, '10.29.20.51	', '2051-DM-ศรีตรัง3_J2	', 17),
(368, '10.29.20.52	', '2052-DM-ศรีตรัง3_J3	', 17),
(369, '10.29.20.53	', '2053-DM-ศรีตรัง3_J4	', 17),
(370, '10.29.20.54	', '2054-DM-ศรีตรัง3_J5	', 17),
(371, '10.29.20.55	', '2055-DM-ศรีตรัง3_J6	', 17),
(372, '10.29.20.56	', '2056-DM-ศรีตรัง3_J7	', 17),
(373, '10.29.20.57	', '2057-DM-ศรีตรัง4_F1	', 17),
(374, '10.29.20.58	', '2058-DM-ศรีตรัง4_F2	', 17),
(375, '10.29.20.59	', '2059-DM-ศรีตรัง4_F3	', 17),
(376, '10.29.20.60	', '2060	', 17),
(377, '10.29.20.61	', '2061	', 17),
(378, '10.29.20.62	', '2062	', 17),
(379, '10.29.20.63	', '2063	', 17),
(380, '10.29.20.64	', '2064	', 17),
(381, '10.29.20.65	', '2065	', 17),
(382, '10.29.20.66	', '2066	', 17),
(383, '10.29.20.67	', '2067	', 17),
(384, '10.29.20.68	', '2068	', 17),
(385, '10.29.20.69	', '2069-DM-ศรีตรัง5_E6	', 17),
(386, '10.29.20.70	', '2070	', 17),
(387, '10.29.20.71	', '2071-DM-ศรีตรัง6_ทางขึ้น	', 17),
(388, '10.29.20.72	', '2072-DM-ศรีตรัง6_หลัง	', 17),
(389, '10.29.20.73	', '2073	', 17),
(390, '10.29.20.74	', '2074	', 17),
(391, '10.29.20.75	', '2075-DM-ศรีตรัง8	', 17),
(392, '10.29.20.76	', '2076-DM-ดาหลา1_X1	', 17),
(393, '10.29.20.77	', '2077-DM-ดาหลา1_X2	', 17),
(394, '10.29.20.78	', '2078	', 17),
(395, '10.29.20.79	', '2079	', 17),
(396, '10.29.22.11	', '2211-BUS-โรงจอดรถบัส	', 18),
(397, '10.29.22.151	', '22151-BG-80Y	', 18),
(398, '10.29.22.152	', '22152-BG-RES-in	', 18),
(399, '10.29.22.153	', '22153-BG-วิจัย	', 18),
(400, '10.29.22.154	', '22154-BG- งามทักษิณ	', 18),
(401, '10.29.22.155	', '22155-BG-เวชคาม	', 18),
(402, '10.29.22.156	', '22156 -BG-ประสานใจ	', 18),
(403, '10.29.22.157	', '22157-BG-สธ	', 18),
(404, '10.29.22.158	', '22158-BG-Green cafet	', 18);

-- --------------------------------------------------------

--
-- Table structure for table `tbl_claim`
--

CREATE TABLE `tbl_claim` (
  `claim_id` int(11) NOT NULL COMMENT 'รหัสเคลม',
  `claim_number` int(11) NOT NULL COMMENT 'หมายเลขเคลมลูกค้า',
  `cus_number` int(11) NOT NULL COMMENT 'รหัสลูกค้า',
  `device_number` varchar(20) NOT NULL COMMENT 'อุปกรณ์',
  `address_number` int(11) NOT NULL COMMENT 'หมายเลขที่อยู่',
  `report_u_id` int(11) NOT NULL COMMENT 'ผู้แจ้งเคลม',
  `worker` varchar(64) NOT NULL COMMENT 'ผู้รับผิดชอบเคลม',
  `claim_detail` varchar(100) NOT NULL COMMENT 'สาเหตุการเคลม',
  `claim_result` varchar(64) NOT NULL COMMENT 'ผลการตรวจเช็ค',
  `claim_date` date NOT NULL COMMENT 'วันที่เริ่มแจ้งเคลม',
  `claim_time` time NOT NULL COMMENT 'เวลาเริ่มแจ้งเคลม',
  `claim_fix` varchar(128) NOT NULL COMMENT 'วิธีการแก้ปัญหา',
  `claim_date_end` varchar(64) NOT NULL COMMENT 'วันสิ้นสุดเคลม',
  `claim_time_end` time NOT NULL COMMENT 'เวลาสิ้นสุดการเคลม',
  `warranty` date NOT NULL COMMENT 'วันสิ้นสุดวันรับประกัน',
  `status` int(11) NOT NULL COMMENT 'สถานะการแจ้งเคลม'
) ENGINE=InnoDB DEFAULT CHARSET=utf8mb4 COLLATE=utf8mb4_thai_520_w2;

--
-- Dumping data for table `tbl_claim`
--

INSERT INTO `tbl_claim` (`claim_id`, `claim_number`, `cus_number`, `device_number`, `address_number`, `report_u_id`, `worker`, `claim_detail`, `claim_result`, `claim_date`, `claim_time`, `claim_fix`, `claim_date_end`, `claim_time_end`, `warranty`, `status`) VALUES
(1, 3623535, 1015126, '213123123123', 2790466, 0, '1', 'เปิดเครื่องไม่ติด', 'เกิดจากเมนบอร์ดมีปัญหา', '2023-10-12', '19:20:07', 'เปลี่ยนเมนบอร์ดใหม่', '2023-10-12', '21:51:06', '2024-01-10', 3),
(2, 3651507, 1015126, '213123123123', 2790466, 99, '', 'เมนบอร์ดมีปัญหา', '', '2023-10-12', '20:58:45', '', '', '00:00:00', '2024-01-10', 1),
(3, 3681447, 1024757, '094203940923', 2724757, 2, '', 'เครื่องช้า', '', '2023-10-13', '09:35:30', '', '', '00:00:00', '2024-01-10', 1);

-- --------------------------------------------------------

--
-- Table structure for table `tbl_customer`
--

CREATE TABLE `tbl_customer` (
  `cus_id` int(11) NOT NULL,
  `cus_number` int(11) NOT NULL COMMENT 'รหัสลูกค้า',
  `cus_name` varchar(64) CHARACTER SET utf8mb4 COLLATE utf8mb4_general_ci NOT NULL COMMENT 'ชื่อลูกค้า',
  `cus_lastname` varchar(64) CHARACTER SET utf8mb4 COLLATE utf8mb4_general_ci NOT NULL COMMENT 'นามสกุลลูกค้า',
  `cus_tel` varchar(64) CHARACTER SET utf8mb4 COLLATE utf8mb4_general_ci NOT NULL COMMENT 'เบอร์โทรลูกค้า'
) ENGINE=InnoDB DEFAULT CHARSET=utf8mb4 COLLATE=utf8mb4_thai_520_w2;

--
-- Dumping data for table `tbl_customer`
--

INSERT INTO `tbl_customer` (`cus_id`, `cus_number`, `cus_name`, `cus_lastname`, `cus_tel`) VALUES
(1, 1052708, 'ณัฐวุฒิ', 'คงปาน', '0984531332'),
(2, 1036969, 'ธันวา', 'บูรณานัด', '0921241231'),
(3, 1031460, 'วิศรุต', 'เกิดปานทอง', '0923812312'),
(5, 1015126, 'พิธา', 'ลิ้มเจริญรัตน์', '0942542123'),
(6, 1010691, 'นครินทร์', 'คงปาน', '0949234823'),
(8, 1074610, 'วีรยุทธ', 'แซ่สิ้ม', '0945959388'),
(9, 1015443, 'ภาณุพงค์', 'แก้วนวล', '0947284372'),
(10, 1024757, 'ปฏิภาณ', 'เหล็กหมาด', '0931231231'),
(11, 1019814, 'ชนม์ปิยะ', 'คงมณี', '0874488484');

-- --------------------------------------------------------

--
-- Table structure for table `tbl_customer_address`
--

CREATE TABLE `tbl_customer_address` (
  `address_id` int(11) NOT NULL COMMENT 'รหัสที่อยู่',
  `cus_number` varchar(11) NOT NULL COMMENT 'หมายเลขลูกค้า',
  `address_number` int(11) NOT NULL COMMENT 'หมายเลขที่อยู่',
  `home_number` varchar(11) NOT NULL COMMENT 'บ้านเลขที่',
  `village` varchar(11) NOT NULL COMMENT 'หมู่ที่',
  `alley` varchar(64) NOT NULL COMMENT 'ซอย',
  `road` varchar(64) NOT NULL COMMENT 'ถนน',
  `zip` varchar(11) NOT NULL COMMENT 'รหัสไปรษณีย์',
  `province` varchar(64) NOT NULL COMMENT 'จังหวัด',
  `district` varchar(64) NOT NULL COMMENT 'อำเภอ',
  `subdistrict` varchar(64) NOT NULL COMMENT 'ตำบล'
) ENGINE=InnoDB DEFAULT CHARSET=utf8mb4 COLLATE=utf8mb4_thai_520_w2;

--
-- Dumping data for table `tbl_customer_address`
--

INSERT INTO `tbl_customer_address` (`address_id`, `cus_number`, `address_number`, `home_number`, `village`, `alley`, `road`, `zip`, `province`, `district`, `subdistrict`) VALUES
(1, '1015126', 2790466, '25/1', '1', '', '', '90310', 'สงขลา', 'นาหม่อม', 'นาหม่อม'),
(2, '1015126', 2772524, '90/1', '2', '3', '', '90000', 'สงขลา', 'เมืองสงขลา', 'บ่อยาง'),
(3, '1015126', 2746394, '251/3', '1', '3', '', '90110', 'สงขลา', 'หาดใหญ่	', 'หาดใหญ่'),
(4, '1010691', 2724641, '299', '1', '', '', '90110', 'สงขลา', 'หาดใหญ่	', 'หาดใหญ่'),
(6, '1074610', 2774610, '90/1', '1', '', '', '90110', 'สงขลา', 'หาดใหญ่	', 'หาดใหญ่'),
(7, '7750614', 2738384, '', '', '', '', '', 'สงขลา', '', ''),
(8, '1015443', 2715443, '25/1', '1', '', '', '90110', 'สงขลา', 'หาดใหญ่	', 'น้ำน้อย'),
(9, '1052708', 2770184, '87/1', '1', '1', '', '90000', 'สงขลา', 'เมืองสงขลา', 'เขารูปช้าง'),
(10, '1031460', 2751260, '55', '', '', '', '90110', 'สงขลา', 'หาดใหญ่	', 'หาดใหญ่'),
(11, '1031460', 2715566, '', '', '', '', '', 'สงขลา', '', ''),
(12, '1024757', 2724757, '25', '', '', '', '90110', 'สงขลา', 'หาดใหญ่	', 'คลองแห	'),
(13, '1019814', 2719814, '87/1', '', '', '', '90310', 'สงขลา', 'นาหม่อม', 'นาหม่อม');

-- --------------------------------------------------------

--
-- Table structure for table `tbl_device`
--

CREATE TABLE `tbl_device` (
  `device_id` int(11) NOT NULL,
  `cus_number` varchar(20) NOT NULL COMMENT 'หมายเลขลูกค้า',
  `device_number` varchar(32) NOT NULL COMMENT 'หมายเลขเครื่อง',
  `device_types` int(11) NOT NULL COMMENT 'ประเภทอุปกรณ์',
  `device_brand` varchar(32) NOT NULL COMMENT 'ยี่ห้อ',
  `device_model` varchar(32) NOT NULL COMMENT 'รุ่น',
  `device_password` varchar(32) NOT NULL COMMENT 'รหัสผ่านเข้าเครื่อง'
) ENGINE=InnoDB DEFAULT CHARSET=utf8mb4 COLLATE=utf8mb4_thai_520_w2;

--
-- Dumping data for table `tbl_device`
--

INSERT INTO `tbl_device` (`device_id`, `cus_number`, `device_number`, `device_types`, `device_brand`, `device_model`, `device_password`) VALUES
(1, '1015126', '213123123123', 1, '2', 'TUF GAMING', '12345'),
(2, '1015126', '39ru2939r293', 2, '8', 'TUF GAMING', '12345'),
(3, '1015126', '931923912391', 3, '15', 'G2010', ''),
(4, '1024757', '312039012309', 2, '7', 'Swift 3 ', ''),
(5, '1024757', '511435523145', 1, '3', 'OPTIFLEX 2050', 'foloj70732'),
(6, '1024757', '045902390590', 1, '1', 'Nitro 5', ''),
(7, '1024757', '931023010000', 1, '4', 'N265', ''),
(8, '1024757', '094203940923', 1, '2', 'Nitro 5', ''),
(9, '1019814', '312435124535', 2, '8', 'TUF GAMING', '12345'),
(10, '1015126', '821398918938', 2, '8', 'TUF GAMING', '00500783'),
(11, '1052708', '039429040902', 1, '2', 'TUF GAMING', '12345'),
(12, '1024757', '312312312312', 2, '7', 'Swift 3', '12345'),
(13, '1015126', '311251351123', 2, '8', 'TUF GAMING', '12345'),
(14, '1015126', '312312312312', 1, '2', 'TUF GAMING', '12345'),
(15, '1015126', '125478191919', 2, '7', 'NIRTO 5', '12345'),
(16, '1015126', '123456789101', 1, '2', 'TUF GAMING', '12345'),
(17, '1015126', 'GNB154796512', 3, '15', 'MP287', '12345'),
(18, '1015126', '512135121351', 1, '2', 'TUF GAMING', '12345'),
(19, '1015126', '543511235115', 2, '8', 'TUF GAMING', '90301'),
(20, '1024757', '099997767676', 2, '7', 'Nitro 5', '');

-- --------------------------------------------------------

--
-- Table structure for table `tbl_device_brand`
--

CREATE TABLE `tbl_device_brand` (
  `brand_id` int(11) NOT NULL,
  `brand_name` varchar(64) CHARACTER SET utf8mb4 COLLATE utf8mb4_general_ci NOT NULL COMMENT 'ชื่อแบรนด์',
  `device_type_id` int(11) NOT NULL COMMENT 'ประเภทอุปกรณ์'
) ENGINE=InnoDB DEFAULT CHARSET=utf8mb4 COLLATE=utf8mb4_thai_520_w2;

--
-- Dumping data for table `tbl_device_brand`
--

INSERT INTO `tbl_device_brand` (`brand_id`, `brand_name`, `device_type_id`) VALUES
(1, 'ACER', 1),
(2, 'ASUS', 1),
(3, 'DELL', 1),
(4, 'HP', 1),
(5, 'LENOVO', 1),
(6, 'MSI', 1),
(7, 'ACER', 2),
(8, 'ASUS', 2),
(9, 'DELL', 2),
(10, 'HP', 2),
(11, 'LENOVO', 2),
(12, 'MICROSOFT', 2),
(13, 'MSI', 2),
(14, 'BROTHER', 3),
(15, 'CANON', 3),
(16, 'EPSON', 3),
(17, 'HP', 3);

-- --------------------------------------------------------

--
-- Table structure for table `tbl_device_types`
--

CREATE TABLE `tbl_device_types` (
  `device_type_id` int(11) NOT NULL COMMENT 'รหัสอุปกรณ์',
  `device_type_name` varchar(64) CHARACTER SET utf8mb4 COLLATE utf8mb4_general_ci NOT NULL COMMENT 'ชื่ออุปกรณ์'
) ENGINE=InnoDB DEFAULT CHARSET=utf8mb4 COLLATE=utf8mb4_thai_520_w2;

--
-- Dumping data for table `tbl_device_types`
--

INSERT INTO `tbl_device_types` (`device_type_id`, `device_type_name`) VALUES
(1, 'Computer PC\r\n'),
(2, 'Laptop'),
(3, 'Printer');

-- --------------------------------------------------------

--
-- Table structure for table `tbl_district`
--

CREATE TABLE `tbl_district` (
  `district_id` int(11) NOT NULL,
  `district_name` varchar(64) NOT NULL COMMENT 'ชื่ออำเภอ',
  `district_code` int(11) NOT NULL COMMENT 'หมายเลขประจำอำเภอ',
  `province_id` int(11) NOT NULL COMMENT 'หมายเลขจังหวัด'
) ENGINE=InnoDB DEFAULT CHARSET=utf8mb4 COLLATE=utf8mb4_thai_520_w2;

--
-- Dumping data for table `tbl_district`
--

INSERT INTO `tbl_district` (`district_id`, `district_name`, `district_code`, `province_id`) VALUES
(1, 'เมืองสงขลา', 1001, 1),
(2, 'สทิงพระ', 1002, 1),
(3, 'จะนะ', 1003, 1),
(4, 'นาทวี', 1004, 1),
(5, 'เทพา', 1005, 1),
(6, 'สะบ้าย้อย', 1006, 1),
(7, 'ระโนด', 1007, 1),
(8, 'กระแสสินธุ์', 1008, 1),
(9, 'รัตภูมิ', 1009, 1),
(10, 'สะเดา', 1010, 1),
(11, 'หาดใหญ่	', 1011, 1),
(12, 'นาหม่อม', 1012, 1),
(13, 'ควนเนียง', 1013, 1),
(14, 'บางกล่ำ', 1014, 1),
(15, 'สิงหนคร', 1015, 1),
(16, 'คลองหอยโข่ง', 1016, 1);

-- --------------------------------------------------------

--
-- Table structure for table `tbl_ipc`
--

CREATE TABLE `tbl_ipc` (
  `ipc_id` int(11) NOT NULL,
  `ipc_address` varchar(32) NOT NULL,
  `ipc_name` varchar(64) NOT NULL,
  `ipc_status` varchar(32) NOT NULL
) ENGINE=InnoDB DEFAULT CHARSET=utf8mb4 COLLATE=utf8mb4_general_ci;

--
-- Dumping data for table `tbl_ipc`
--

INSERT INTO `tbl_ipc` (`ipc_id`, `ipc_address`, `ipc_name`, `ipc_status`) VALUES
(1, '121.171', 'จุดตรวจรถจักรยานยนต์ประตู 108', '2'),
(2, '121.172', 'ทางออกประตู 108', '2'),
(3, '10.29.103.10', '103.10 FLBศูนย์อาหาร', '1'),
(4, '10.29.103.100', '103.100 ฉบ.ลานจอด5A', '1'),
(5, '10.29.103.124', 'ฉบ. FL4-1', '3'),
(6, '10.29.102.11', 'บริหาร โถง FL1', '2'),
(7, '10.29.102.12', 'บริหาร ประตูด้านหลัง', '2'),
(8, '10.29.102.13', 'บริหาร โถง FL1  180', '2'),
(9, '10.29.102.14', 'บริหาร หน้า', '2'),
(10, '10.29.102.15', 'บริหาร  FL1 บันไดหลัง', '2'),
(11, '10.29.102.16', 'บริหาร จุดจอดรถด้านข้าง-5', '2'),
(12, '10.29.102.17', 'บริหาร ทางออกลานจอดรถด้านหลัง', '2'),
(13, '10.29.102.18', 'บริหาร จุดจอดรถด้านข้าง-3', '2'),
(14, '10.29.102.19', 'บริหาร ทางออกลานจอดรถ', '2'),
(15, '10.29.102.20', 'บริหาร จุดจอดรถด้านข้าง-2', '2'),
(16, '10.29.102.21', 'บริหาร จุดจอดรถด้านข้าง-1', '2'),
(17, '10.29.102.22', 'บริหาร จุดจอดรถด้านข้าง-4', '2'),
(18, '10.29.102.23', 'บริหาร FL 2 บันไดหน้า', '2'),
(19, '10.29.102.24', 'บริหาร FL 2 บันไดหลัง', '2'),
(20, '10.29.102.25', 'บริหาร FL 3 บันไดหน้า', '2'),
(22, '10.29.102.26', 'บริหาร FL 3 บันไดหน้า', '2'),
(23, '10.29.102.27', 'บริหาร FL 3 งานคลังประตูหลัก', '2'),
(24, '10.29.102.28', 'บริหาร FL 4 บันไดหน้า', '2'),
(25, '10.29.102.29', 'บริหาร FL 4 บันไดหลัง', '2'),
(26, '10.29.102.31', 'บริหาร FL 5 บันไดหน้า', '2'),
(27, '10.29.102.32', 'บริหาร FL 6 บันไดหน้า', '2'),
(28, '10.29.102.33', 'บริหาร FL 6 บันไดหน้า', '2'),
(29, '10.29.103.10', '103.10 FLBศูนย์อาหาร', '2'),
(30, '10.29.103.100', '103.100 ฉบ.ลานจอด5A', '1'),
(31, '10.29.103.101', '103.101 ฉบ.ลานจอด5A', '1');

-- --------------------------------------------------------

--
-- Table structure for table `tbl_ipc_status`
--

CREATE TABLE `tbl_ipc_status` (
  `ipc_status` int(11) NOT NULL,
  `ipc_status_name` varchar(32) NOT NULL
) ENGINE=InnoDB DEFAULT CHARSET=utf8mb4 COLLATE=utf8mb4_general_ci;

--
-- Dumping data for table `tbl_ipc_status`
--

INSERT INTO `tbl_ipc_status` (`ipc_status`, `ipc_status_name`) VALUES
(1, 'Online'),
(2, 'Offline'),
(3, 'In Progress');

-- --------------------------------------------------------

--
-- Table structure for table `tbl_place`
--

CREATE TABLE `tbl_place` (
  `place_id` int(11) NOT NULL,
  `place_name` varchar(32) NOT NULL
) ENGINE=InnoDB DEFAULT CHARSET=utf8mb4 COLLATE=utf8mb4_general_ci;

--
-- Dumping data for table `tbl_place`
--

INSERT INTO `tbl_place` (`place_id`, `place_name`) VALUES
(1, 'อาคารเฉลิมพระบารมี'),
(2, 'อาคารบริหาร'),
(3, 'อาคารสูติ-กุมารเวช'),
(4, 'อาคารอายุรกรรม-ศัลยกรรม'),
(5, 'อาคารศัลยกรรม'),
(6, 'อาคาร 100 ปี'),
(7, 'อาคารตาหูคอจมูก'),
(8, 'อาคารรัตนชีวรักษ์'),
(9, 'อาคารออร์โทพิดิกส์'),
(10, 'อาคารพยาธิวิทยา'),
(11, 'อาคารรังสีวิทยา'),
(12, 'อาคารศรีเวช'),
(13, 'อาคารวิจัย'),
(14, 'อาคารชีวเวชศาสตร์'),
(15, 'อาคารไซโครตรอน'),
(16, 'อาคารแพทยศาสตร์'),
(17, 'อาคารหอพัก'),
(18, 'ไม้ยก');

-- --------------------------------------------------------

--
-- Table structure for table `tbl_province`
--

CREATE TABLE `tbl_province` (
  `province_id` int(11) NOT NULL COMMENT 'รหัสจังหวัด',
  `province_name` varchar(64) NOT NULL COMMENT 'ชื่อจังหวัด'
) ENGINE=InnoDB DEFAULT CHARSET=utf8mb4 COLLATE=utf8mb4_thai_520_w2;

--
-- Dumping data for table `tbl_province`
--

INSERT INTO `tbl_province` (`province_id`, `province_name`) VALUES
(1, 'สงขลา');

-- --------------------------------------------------------

--
-- Table structure for table `tbl_repair`
--

CREATE TABLE `tbl_repair` (
  `repair_id` int(11) NOT NULL,
  `repair_number` varchar(20) NOT NULL COMMENT 'รหัสแจ้งซ่อม',
  `cus_number` int(11) NOT NULL COMMENT 'รหัสลูกค้า',
  `device_number` varchar(32) NOT NULL COMMENT 'หมายเลขอุปกรณ์',
  `address_number` int(11) NOT NULL COMMENT 'หมายเลขที่อยู่',
  `repair_detail` varchar(128) NOT NULL COMMENT 'ปัญหา/อาการเสีย',
  `repair_result` varchar(64) NOT NULL COMMENT 'ผลการตรวจเช็ค',
  `repair_fix` varchar(128) NOT NULL COMMENT 'วิธีการแก้ปัญหา',
  `repair_date` date NOT NULL COMMENT 'วัน-เดือน-ปี แจ้งซ่อม',
  `repair_time` time NOT NULL COMMENT 'เวลาแจ้งซ่อม',
  `status` int(11) NOT NULL COMMENT 'สถานะการแจ้งซ่อม',
  `report_u_id` int(11) NOT NULL COMMENT 'ผู้แจ้งซ่อม',
  `worker` varchar(64) NOT NULL COMMENT 'ผู้รับผิดชอบ',
  `repair_end` date NOT NULL COMMENT 'วันสิ้นสุดการซ่อม',
  `repair_end_time` time NOT NULL COMMENT 'เวลาสิ้นสุดของการซ่อม',
  `total_price` float NOT NULL COMMENT 'ค่าใช้จ่ายทั้งหมด'
) ENGINE=InnoDB DEFAULT CHARSET=utf8mb4 COLLATE=utf8mb4_thai_520_w2;

--
-- Dumping data for table `tbl_repair`
--

INSERT INTO `tbl_repair` (`repair_id`, `repair_number`, `cus_number`, `device_number`, `address_number`, `repair_detail`, `repair_result`, `repair_fix`, `repair_date`, `repair_time`, `status`, `report_u_id`, `worker`, `repair_end`, `repair_end_time`, `total_price`) VALUES
(1, '6680917', 1015126, '213123123123', 2790466, 'เปิดเครื่องไม่ติด', 'เกิดจากเมนบอร์ดมีปัญหา', 'เปลี่ยนเมนบอร์ดใหม่', '2023-10-12', '11:00:34', 3, 99, '7', '0000-00-00', '00:00:00', 321),
(2, '6624979', 1015126, '39ru2939r293', 2790466, 'เปิดเครื่องไม่ติด', 'เกิดจากเมนบอร์ดมีปัญหา', 'ซ่อมแซมเมนบอร์ด', '2023-10-12', '13:58:28', 3, 99, '7', '0000-00-00', '00:00:00', 321),
(3, '6681445', 1015126, '931923912391', 2790466, 'ปริ้นไม่ได้', 'น้ำหมึกหมด', 'เติมน้ำหมึกใหม่', '2023-10-12', '16:32:55', 3, 99, '7', '0000-00-00', '00:00:00', 428),
(4, '6649141', 1024757, '312039012309', 2724757, 'เปิดเครื่องไม่ติด', 'เกิดจากเมนบอร์ดมีปัญหา', 'เปลี่ยนเมนบอร์ดใหม่', '2023-10-12', '19:10:08', 3, 99, '2', '0000-00-00', '00:00:00', 321),
(5, '6626053', 1024757, '511435523145', 2724757, 'เปิดเครื่องไม่ติด', 'เกิดจากเมนบอร์ดมีปัญหา', 'เปลี่ยนเมนบอร์ด', '2023-10-12', '19:42:59', 3, 99, '1', '0000-00-00', '00:00:00', 321),
(6, '6671657', 1024757, '045902390590', 2724757, 'เปิดเครื่องไม่ติด', 'เกิดจากเมนบอร์ดมีปัญหา', 'เปลี่ยนเมนบอร์ดใหม่', '2023-10-12', '19:55:11', 3, 99, '1', '0000-00-00', '00:00:00', 321),
(7, '6610997', 1024757, '931023010000', 2724757, 'เปิดเครื่องไม่ติด', 'เกิดจากเมนบอร์ดมีปัญหา', 'แก้ไขวงจรเมนบอร์ดใหม่จนสามารถเข้าใช้งานได้อีกครั้ง', '2023-10-12', '20:08:34', 4, 99, '1', '0000-00-00', '00:00:00', 321),
(8, '6698334', 1024757, '094203940923', 2724757, 'เปิดเครื่องไม่ติด', 'เมนบอร์ดพัง\n', 'ซ่อมได้ละ', '2023-10-12', '20:36:57', 3, 99, '2', '0000-00-00', '00:00:00', 321),
(9, '6619814', 1019814, '312435124535', 2719814, 'เปิดเครื่องไม่ติด', 'เมนบอร์ดมีปัญหา', '', '2023-10-12', '22:01:17', 2, 99, '7', '0000-00-00', '00:00:00', 0),
(10, '6654063', 1015126, '821398918938', 2790466, 'เปิดเครื่องไม่ติด', 'เกิดจากเมนบอร์ดมีปัญหา', '', '2023-10-13', '05:08:37', 6, 1, '', '0000-00-00', '00:00:00', 0),
(11, '6664460', 1052708, '039429040902', 2770184, 'เปิดเครื่องไม่ติด', 'เมนบอร์ดมีปัญหา', '', '2023-10-13', '05:17:04', 6, 1, '', '0000-00-00', '00:00:00', 0),
(12, '6655370', 1024757, '312312312312', 2724757, 'เปิดเครื่องไม่ติด', 'เมนบอร์ดมีปัญหา', '', '2023-10-13', '05:21:07', 6, 1, '', '0000-00-00', '00:00:00', 0),
(13, '6646310', 1015126, '311251351123', 2790466, 'เปิดเครื่องไม่ติด', '', '', '2023-10-13', '05:25:14', 1, 1, '', '0000-00-00', '00:00:00', 0),
(14, '6673366', 1015126, '312312312312', 2772524, 'เปิดเครื่องไม่ติด', '', '', '2023-10-13', '05:29:09', 1, 1, '', '0000-00-00', '00:00:00', 0),
(15, '6690574', 1015126, '125478191919', 2790466, 'เปิดเครื่องไม่ติด', '', '', '2023-10-13', '05:31:40', 1, 1, '', '0000-00-00', '00:00:00', 0),
(16, '6668984', 1015126, '123456789101', 2790466, 'เปิดเครื่องไม่ติด', '', '', '2023-10-13', '05:37:20', 1, 1, '', '0000-00-00', '00:00:00', 0),
(17, '6630036', 1015126, 'GNB154796512', 2790466, 'สั่งปริ้นงานบนคอมไม่ได้', '', '', '2023-10-13', '05:55:51', 1, 1, '', '0000-00-00', '00:00:00', 0),
(18, '6635789', 1015126, '512135121351', 2790466, 'เปิดเครื่องไม่ติด', '', '', '2023-10-13', '06:06:42', 1, 1, '', '0000-00-00', '00:00:00', 0),
(19, '6630583', 1015126, '543511235115', 2746394, 'เปิดเครื่องไม่ติด', '', '', '2023-10-13', '06:12:17', 1, 1, '', '0000-00-00', '00:00:00', 0),
(20, '6626932', 1024757, '099997767676', 2724757, 'เปิดเครื่องไม่ติด', 'เกิดจากเมนบอร์ดมีปัญหา', 'เปลี่ยนวงจรเมนบอร์ดใหม่ ', '2023-10-13', '09:27:11', 3, 1, '2', '0000-00-00', '00:00:00', 321);

-- --------------------------------------------------------

--
-- Table structure for table `tbl_repair_detail`
--

CREATE TABLE `tbl_repair_detail` (
  `detail_id` int(11) NOT NULL,
  `repair_number` int(11) NOT NULL COMMENT 'หมายเลขแจ้งซ่อม',
  `detail` int(11) NOT NULL COMMENT 'รายละเอียดการซ่อม',
  `amount` int(11) NOT NULL COMMENT 'จำนวน',
  `price` int(11) NOT NULL COMMENT 'ราคา'
) ENGINE=InnoDB DEFAULT CHARSET=utf8mb4 COLLATE=utf8mb4_thai_520_w2;

--
-- Dumping data for table `tbl_repair_detail`
--

INSERT INTO `tbl_repair_detail` (`detail_id`, `repair_number`, `detail`, `amount`, `price`) VALUES
(1, 6680917, 1, 0, 300),
(2, 6680917, 1, 0, 300),
(3, 6680917, 1, 0, 300),
(4, 6681445, 2, 0, 400),
(5, 6624979, 1, 0, 300),
(6, 6649141, 1, 0, 300),
(7, 6649141, 1, 0, 300),
(8, 6626053, 1, 0, 300),
(9, 6671657, 1, 0, 300),
(10, 6610997, 1, 0, 300),
(11, 6698334, 1, 0, 300),
(12, 6626932, 1, 0, 300);

-- --------------------------------------------------------

--
-- Table structure for table `tbl_roles`
--

CREATE TABLE `tbl_roles` (
  `role_id` int(11) NOT NULL,
  `role_name` varchar(32) NOT NULL COMMENT 'ตำแหน่ง'
) ENGINE=InnoDB DEFAULT CHARSET=utf8mb4 COLLATE=utf8mb4_thai_520_w2;

--
-- Dumping data for table `tbl_roles`
--

INSERT INTO `tbl_roles` (`role_id`, `role_name`) VALUES
(1, 'Admin'),
(2, 'Technician'),
(3, 'Employee'),
(4, 'Manager');

-- --------------------------------------------------------

--
-- Table structure for table `tbl_service`
--

CREATE TABLE `tbl_service` (
  `service_id` int(11) NOT NULL,
  `service_type` varchar(64) NOT NULL COMMENT 'ประเภทการบริการ',
  `service_price` int(11) NOT NULL COMMENT 'ราคา'
) ENGINE=InnoDB DEFAULT CHARSET=utf8mb4 COLLATE=utf8mb4_thai_520_w2;

--
-- Dumping data for table `tbl_service`
--

INSERT INTO `tbl_service` (`service_id`, `service_type`, `service_price`) VALUES
(1, 'ค่าบริการซ่อมคอมพิวเตอร์ - โน๊ตบุ๊ค', 300),
(2, 'ค่าบริการซ่อมเครื่องปริ้น', 400);

-- --------------------------------------------------------

--
-- Table structure for table `tbl_spares`
--

CREATE TABLE `tbl_spares` (
  `spares_id` int(11) NOT NULL COMMENT 'รหัสอะไหล่',
  `spares_name` varchar(64) NOT NULL COMMENT 'ชื่ออะไหล่',
  `spares_type_id` int(11) NOT NULL COMMENT 'ประเภทอะไหล่',
  `price` float NOT NULL COMMENT 'ราคา',
  `stock` int(11) NOT NULL COMMENT 'จำนวน',
  `img_url` varchar(128) NOT NULL COMMENT 'รูปภาพอะไหล่'
) ENGINE=InnoDB DEFAULT CHARSET=utf8mb4 COLLATE=utf8mb4_thai_520_w2;

--
-- Dumping data for table `tbl_spares`
--

INSERT INTO `tbl_spares` (`spares_id`, `spares_name`, `spares_type_id`, `price`, `stock`, `img_url`) VALUES
(1, 'Intel CPU Core i5-13500 2.5 GHz 14C/20T LGA-1700', 1, 9590, 16, '1.jpg'),
(2, 'COLORFUL VGA iGame RTX 3060 Ti Ultra W OC G6X V2-V 8GB GDDR6X 25', 1, 12130, 20, '2.jpg'),
(24, 'AMD CPU Ryzen 7 7800X3D 4.20 Ghz 8C-16T AM5', 1, 17700, 18, '3.png'),
(31, 'ASRock VGA Intel ARC A770 Phantom Gaming D OC 8GB GDDR6 ', 4, 11000, 19, '5.jpg');

-- --------------------------------------------------------

--
-- Table structure for table `tbl_spares_type`
--

CREATE TABLE `tbl_spares_type` (
  `spares_type_id` int(11) NOT NULL COMMENT 'รหัสประเภทอะไหล่',
  `spares_type_name` varchar(64) NOT NULL COMMENT 'ชื่อประเภทอะไหล่'
) ENGINE=InnoDB DEFAULT CHARSET=utf8mb4 COLLATE=utf8mb4_thai_520_w2;

--
-- Dumping data for table `tbl_spares_type`
--

INSERT INTO `tbl_spares_type` (`spares_type_id`, `spares_type_name`) VALUES
(1, 'CPU'),
(2, 'Mainboard'),
(3, 'Ram'),
(4, 'Graphic Card\r\n'),
(5, 'Power Supply\r\n'),
(6, 'Sound Card'),
(7, 'Cooling System');

-- --------------------------------------------------------

--
-- Table structure for table `tbl_status`
--

CREATE TABLE `tbl_status` (
  `status_id` int(11) NOT NULL COMMENT 'ไอดีสถานะ',
  `status_name` varchar(64) NOT NULL COMMENT 'ชื่อสถานะ'
) ENGINE=InnoDB DEFAULT CHARSET=utf8mb4 COLLATE=utf8mb4_thai_520_w2;

--
-- Dumping data for table `tbl_status`
--

INSERT INTO `tbl_status` (`status_id`, `status_name`) VALUES
(1, 'รอตรวจเช็คอาการเสีย'),
(2, 'กำลังดำเนินการ'),
(3, 'เสร็จสิ้น'),
(4, 'ซ่อมเสร็จสิ้น / รอลูกค้ารับเครื่อง'),
(6, 'รอมอบหมายงาน');

-- --------------------------------------------------------

--
-- Table structure for table `tbl_subdistrict`
--

CREATE TABLE `tbl_subdistrict` (
  `subdistrict_id` int(11) NOT NULL,
  `zip_code` int(11) NOT NULL COMMENT 'รหัสไบรษณีย์',
  `subdistrict_name` varchar(64) NOT NULL COMMENT 'ชื่อตำบล',
  `district_code` int(11) NOT NULL COMMENT 'หมายเลขอำเภอ'
) ENGINE=InnoDB DEFAULT CHARSET=utf8mb4 COLLATE=utf8mb4_thai_520_w2;

--
-- Dumping data for table `tbl_subdistrict`
--

INSERT INTO `tbl_subdistrict` (`subdistrict_id`, `zip_code`, `subdistrict_name`, `district_code`) VALUES
(1, 90000, 'บ่อยาง', 1001),
(2, 90000, 'เขารูปช้าง', 1001),
(3, 90000, 'เกาะแต้ว', 1001),
(4, 90100, 'พะวง', 1001),
(5, 90000, 'ทุ่งหวัง', 1001),
(6, 90100, 'เกาะยอ	', 1001),
(7, 90190, 'จะทิ้งพระ', 1002),
(8, 90190, 'กระดังงา', 1002),
(9, 90190, 'สนามชัย', 1002),
(10, 90190, 'ดีหลวง', 1002),
(11, 90190, 'ชุมพล', 1002),
(12, 90190, 'คลองรี', 1002),
(13, 90190, 'คูขุด', 1002),
(14, 90190, 'ท่าหิน', 1002),
(15, 90190, 'วัดจันทร์', 1002),
(16, 90190, 'บ่อแดง', 1002),
(17, 90190, 'บ่อดาน', 1002),
(18, 90130, 'บ้านนา', 1003),
(19, 90130, 'ป่าชิง', 1003),
(20, 90130, 'สะพานไม้แก่น', 1003),
(21, 90130, 'สะกอม', 1003),
(22, 90130, 'นาหว้า', 1003),
(23, 90130, 'นาทับ', 1003),
(24, 90130, 'น้ำขาว', 1003),
(25, 90130, 'ขุนตัดหวาย', 1003),
(26, 90130, 'ท่าหมอไทร', 1003),
(27, 90130, 'จะโหนง', 1003),
(28, 90130, 'คู', 1003),
(29, 90130, 'แค', 1003),
(30, 90130, 'คลองเปียะ', 1003),
(31, 90130, 'ตลิ่งชัน', 1003),
(32, 90160, 'นาทวี', 1004),
(33, 90160, 'ฉาง', 1004),
(34, 90160, 'นาหมอศรี', 1004),
(35, 90160, 'คลองทราย', 1004),
(36, 90160, 'ปลักหนู', 1004),
(37, 90160, 'ท่าประดู่', 1004),
(38, 90160, 'สะท้อน', 1004),
(39, 90160, 'ทับช้าง', 1004),
(40, 90160, 'ประกอบ', 1004),
(41, 90160, 'คลองกวาง', 1004),
(42, 90150, 'เทพา', 1005),
(43, 90150, 'ปากบาง', 1005),
(44, 90150, 'เกาะสะบ้า', 1005),
(45, 90260, 'ลำไพล', 1005),
(46, 90260, 'ท่าม่วง', 1005),
(47, 90260, 'วังใหญ่', 1005),
(48, 90150, 'สะกอม', 1005),
(49, 90210, 'สะบ้าย้อย', 1006),
(50, 90210, 'ทุ่งพอ', 1006),
(51, 90210, 'เปียน', 1006),
(52, 90210, 'บ้านโหนด', 1006),
(53, 90210, 'จะแหน', 1006),
(54, 90210, 'คูหา', 1006),
(55, 90210, 'เขาแดง', 1006),
(56, 90210, 'บาโหย', 1006),
(57, 90210, 'ธารคีรี', 1006),
(58, 90140, 'ระโนด', 1007),
(59, 90140, 'คลองแดน', 1007),
(60, 90140, 'ตะเครียะ', 1007),
(61, 90140, 'ท่าบอน', 1007),
(62, 90140, 'บ้านใหม่', 1007),
(63, 90140, 'บ่อตรุ', 1007),
(64, 90140, 'ปากแตระ', 1007),
(65, 90140, 'พังยาง', 1007),
(66, 90140, 'ระวะ', 1007),
(67, 90140, 'วัดสน', 1007),
(68, 90140, 'บ้านขาว	', 1007),
(69, 90140, 'แดนสงวน', 1007),
(70, 90270, 'เกาะใหญ่', 1008),
(71, 90270, 'โรง', 1008),
(72, 90270, 'เชิงแส', 1008),
(73, 90270, 'กระแสสินธุ์', 1008),
(74, 90180, 'กำแพงเพชร', 1009),
(75, 90180, 'ท่าชะมวง', 1009),
(76, 90180, 'คูหาใต้', 1009),
(77, 90180, 'ควนรู', 1009),
(78, 90180, 'เขาพระ', 1009),
(79, 90120, 'สะเดา', 1010),
(80, 90120, 'ปริก', 1010),
(81, 90170, 'พังลา', 1010),
(82, 90120, 'สำนักแต้ว', 1010),
(83, 90240, 'ทุ่งหมอ', 1010),
(84, 90170, 'ท่าโพธิ์', 1010),
(85, 90240, 'ปาดังเบซาร์', 1010),
(86, 90320, 'สำนักขาม', 1010),
(87, 90170, 'เขามีเกียรติ', 1010),
(88, 90110, 'หาดใหญ่', 1011),
(89, 90110, 'ควนลัง', 1011),
(90, 90110, 'คูเต่า', 1011),
(91, 90110, 'คอหงส์', 1011),
(92, 90110, 'คลองแห	', 1011),
(93, 90110, 'คลองอู่ตะเภา', 1011),
(94, 90110, 'ฉลุง', 1011),
(95, 90110, 'ทุ่งใหญ่', 1011),
(96, 90110, 'ทุ่งตำเสา', 1011),
(97, 90110, 'ท่าข้าม', 1011),
(98, 90110, 'น้ำน้อย', 1011),
(99, 90250, 'บ้านพรุ', 1011),
(100, 90230, 'พะตง', 1011),
(101, 90310, 'นาหม่อม', 1012),
(102, 90310, 'พิจิตร', 1012),
(103, 90310, 'ทุ่งขมิ้น', 1012),
(104, 90310, 'คลองหรัง', 1012),
(105, 90220, 'รัตภูมิ', 1013),
(106, 90220, 'ควนโส', 1013),
(107, 90220, 'ห้วยลึก', 1013),
(108, 90220, 'บางเหรียง', 1013),
(109, 90110, 'บางกล่ำ', 1014),
(110, 90110, 'ท่าช้าง', 1014),
(111, 90110, 'แม่ทอม', 1014),
(112, 90110, 'บ้านหาร', 1014),
(113, 90280, 'ชิงโค', 1015),
(114, 90280, 'สทิงหม้อ', 1015),
(115, 90280, 'ทำนบ', 1015),
(116, 90330, 'รำแดง', 1015),
(117, 90330, 'วัดขนุน', 1015),
(118, 90330, 'ชะแล้', 1015),
(119, 90330, 'ปากรอ', 1015),
(120, 90330, 'ป่าขาด', 1015),
(121, 90280, 'หัวเขา', 1015),
(122, 90330, 'บางเขียด', 1015),
(123, 90330, 'ม่วงงาม', 1015),
(124, 90230, 'คลองหอยโข่ง', 1016),
(125, 90230, 'ทุ่งลาน', 1016),
(126, 90230, 'โคกม่วง', 1016),
(127, 90115, 'คลองหลา', 1016);

-- --------------------------------------------------------

--
-- Table structure for table `tbl_user`
--

CREATE TABLE `tbl_user` (
  `user_Id` int(11) NOT NULL COMMENT 'ไอดี',
  `username` varchar(20) CHARACTER SET utf8mb4 COLLATE utf8mb4_general_ci NOT NULL COMMENT 'รหัสผู้ใช้งาน',
  `password` varchar(32) CHARACTER SET utf8mb4 COLLATE utf8mb4_general_ci NOT NULL COMMENT 'รหัสผ่าน',
  `u_name` varchar(30) CHARACTER SET utf8mb4 COLLATE utf8mb4_general_ci NOT NULL COMMENT 'ชื่อ',
  `u_lastname` varchar(30) CHARACTER SET utf8mb4 COLLATE utf8mb4_general_ci NOT NULL COMMENT 'นามสกุล',
  `u_tel` varchar(20) CHARACTER SET utf8mb4 COLLATE utf8mb4_general_ci NOT NULL COMMENT 'เบอร์โทร',
  `u_email` varchar(50) CHARACTER SET utf8mb4 COLLATE utf8mb4_general_ci NOT NULL COMMENT 'อีเมล์',
  `u_role` int(11) NOT NULL COMMENT 'ตำแหน่ง'
) ENGINE=InnoDB DEFAULT CHARSET=utf8mb4 COLLATE=utf8mb4_thai_520_w2;

--
-- Dumping data for table `tbl_user`
--

INSERT INTO `tbl_user` (`user_Id`, `username`, `password`, `u_name`, `u_lastname`, `u_tel`, `u_email`, `u_role`) VALUES
(1, 'ITVT_001', '7dac116e4c088ba9a72fe41cdf2e54a4', 'สุกฤษฎิ์', 'แซ่เลี้ยว', '0942547377', 'reballkungzaza1159@gmail.com', 2),
(2, 'ITVT_002', 'bb917f9c534e506ed132539b55eaaf06', 'นิธิ', 'ทองวงศ์', '0897586942', 'nithi_it@gmail.com', 2),
(7, 'ITVT_003', 'd4ba4fac621446c422411a38ff7ac801', 'ภานุวัฒน์', 'บัวเพชร', '0985641256', 'poompoomrock@gmail.com', 2),
(99, 'admin', '21232f297a57a5a743894a0e4a801fc3', 'ปฏิภาณ', 'เหล็กหมาด', '0874754914', 'admin.itvertex@gmail.com', 1),
(101, 'nattawat', '0fe094808e0d1c4cc755a2dbd50afc40', 'ณัฐวัฒน์', 'แสงคง', '0905412365', 'nattawat_sangkong@gmail.com', 4);

-- --------------------------------------------------------

--
-- Table structure for table `tbl_warranty`
--

CREATE TABLE `tbl_warranty` (
  `warranty_id` int(11) NOT NULL,
  `repair_number` varchar(32) NOT NULL COMMENT 'หมายเลขแจ้งซ่อม',
  `warranty_number` int(11) NOT NULL COMMENT 'รหัสประกัน',
  `cus_number` varchar(32) NOT NULL COMMENT 'รหัสลูกค้า',
  `device_number` varchar(32) NOT NULL COMMENT 'หมายเลขอุปกรณ์',
  `warranty` date NOT NULL COMMENT 'วันสิ้นสุดประกัน'
) ENGINE=InnoDB DEFAULT CHARSET=utf8mb4 COLLATE=utf8mb4_thai_520_w2;

--
-- Dumping data for table `tbl_warranty`
--

INSERT INTO `tbl_warranty` (`warranty_id`, `repair_number`, `warranty_number`, `cus_number`, `device_number`, `warranty`) VALUES
(2, '6624641', 7750614, '1010691', '213456u7i8lu', '2024-01-08'),
(3, '6651499', 7783874, '1015126', 'dqijfewviwji', '2024-01-09'),
(4, '6669918', 7758562, '1015126', 'ifewjv9jv9j9', '2024-01-09'),
(5, '6670184', 7787366, '1052708', '404020399239', '2024-01-09'),
(6, '6674177', 7786937, '1010691', '412341232112', '2024-01-09'),
(7, '6698883', 7745373, '1052708', '849394294923', '2024-01-09'),
(8, '6680917', 7765679, '1015126', '213123123123', '2024-01-10'),
(9, '6680917', 7797465, '1015126', '213123123123', '2024-01-10'),
(10, '6680917', 7794229, '1015126', '213123123123', '2024-01-10'),
(11, '6681445', 7720878, '1015126', '931923912391', '2024-01-10'),
(12, '6624979', 7767672, '1015126', '39ru2939r293', '2024-01-10'),
(13, '6649141', 7721205, '1024757', '312039012309', '2024-01-10'),
(14, '6649141', 7767798, '1024757', '312039012309', '2024-01-10'),
(15, '6626053', 7751671, '1024757', '511435523145', '2024-01-10'),
(16, '6671657', 7779690, '1024757', '045902390590', '2024-01-10'),
(17, '6610997', 7746253, '1024757', '931023010000', '2024-01-10'),
(18, '6698334', 7789002, '1024757', '094203940923', '2024-01-10'),
(19, '6626932', 7751858, '1024757', '099997767676', '2024-01-11');

--
-- Indexes for dumped tables
--

--
-- Indexes for table `tbl_access_ct`
--
ALTER TABLE `tbl_access_ct`
  ADD PRIMARY KEY (`ac_id`);

--
-- Indexes for table `tbl_claim`
--
ALTER TABLE `tbl_claim`
  ADD PRIMARY KEY (`claim_id`);

--
-- Indexes for table `tbl_customer`
--
ALTER TABLE `tbl_customer`
  ADD PRIMARY KEY (`cus_id`);

--
-- Indexes for table `tbl_customer_address`
--
ALTER TABLE `tbl_customer_address`
  ADD PRIMARY KEY (`address_id`);

--
-- Indexes for table `tbl_device`
--
ALTER TABLE `tbl_device`
  ADD PRIMARY KEY (`device_id`);

--
-- Indexes for table `tbl_device_brand`
--
ALTER TABLE `tbl_device_brand`
  ADD PRIMARY KEY (`brand_id`);

--
-- Indexes for table `tbl_device_types`
--
ALTER TABLE `tbl_device_types`
  ADD PRIMARY KEY (`device_type_id`);

--
-- Indexes for table `tbl_district`
--
ALTER TABLE `tbl_district`
  ADD PRIMARY KEY (`district_id`);

--
-- Indexes for table `tbl_ipc`
--
ALTER TABLE `tbl_ipc`
  ADD PRIMARY KEY (`ipc_id`);

--
-- Indexes for table `tbl_ipc_status`
--
ALTER TABLE `tbl_ipc_status`
  ADD PRIMARY KEY (`ipc_status`);

--
-- Indexes for table `tbl_place`
--
ALTER TABLE `tbl_place`
  ADD PRIMARY KEY (`place_id`);

--
-- Indexes for table `tbl_province`
--
ALTER TABLE `tbl_province`
  ADD PRIMARY KEY (`province_id`);

--
-- Indexes for table `tbl_repair`
--
ALTER TABLE `tbl_repair`
  ADD PRIMARY KEY (`repair_id`);

--
-- Indexes for table `tbl_repair_detail`
--
ALTER TABLE `tbl_repair_detail`
  ADD PRIMARY KEY (`detail_id`);

--
-- Indexes for table `tbl_roles`
--
ALTER TABLE `tbl_roles`
  ADD PRIMARY KEY (`role_id`);

--
-- Indexes for table `tbl_service`
--
ALTER TABLE `tbl_service`
  ADD PRIMARY KEY (`service_id`);

--
-- Indexes for table `tbl_spares`
--
ALTER TABLE `tbl_spares`
  ADD PRIMARY KEY (`spares_id`);

--
-- Indexes for table `tbl_spares_type`
--
ALTER TABLE `tbl_spares_type`
  ADD PRIMARY KEY (`spares_type_id`);

--
-- Indexes for table `tbl_status`
--
ALTER TABLE `tbl_status`
  ADD PRIMARY KEY (`status_id`);

--
-- Indexes for table `tbl_subdistrict`
--
ALTER TABLE `tbl_subdistrict`
  ADD PRIMARY KEY (`subdistrict_id`);

--
-- Indexes for table `tbl_user`
--
ALTER TABLE `tbl_user`
  ADD PRIMARY KEY (`user_Id`);

--
-- Indexes for table `tbl_warranty`
--
ALTER TABLE `tbl_warranty`
  ADD PRIMARY KEY (`warranty_id`);

--
-- AUTO_INCREMENT for dumped tables
--

--
-- AUTO_INCREMENT for table `tbl_access_ct`
--
ALTER TABLE `tbl_access_ct`
  MODIFY `ac_id` int(11) NOT NULL AUTO_INCREMENT, AUTO_INCREMENT=413;

--
-- AUTO_INCREMENT for table `tbl_claim`
--
ALTER TABLE `tbl_claim`
  MODIFY `claim_id` int(11) NOT NULL AUTO_INCREMENT COMMENT 'รหัสเคลม', AUTO_INCREMENT=4;

--
-- AUTO_INCREMENT for table `tbl_customer`
--
ALTER TABLE `tbl_customer`
  MODIFY `cus_id` int(11) NOT NULL AUTO_INCREMENT, AUTO_INCREMENT=12;

--
-- AUTO_INCREMENT for table `tbl_customer_address`
--
ALTER TABLE `tbl_customer_address`
  MODIFY `address_id` int(11) NOT NULL AUTO_INCREMENT COMMENT 'รหัสที่อยู่', AUTO_INCREMENT=14;

--
-- AUTO_INCREMENT for table `tbl_device`
--
ALTER TABLE `tbl_device`
  MODIFY `device_id` int(11) NOT NULL AUTO_INCREMENT, AUTO_INCREMENT=21;

--
-- AUTO_INCREMENT for table `tbl_device_brand`
--
ALTER TABLE `tbl_device_brand`
  MODIFY `brand_id` int(11) NOT NULL AUTO_INCREMENT, AUTO_INCREMENT=18;

--
-- AUTO_INCREMENT for table `tbl_device_types`
--
ALTER TABLE `tbl_device_types`
  MODIFY `device_type_id` int(11) NOT NULL AUTO_INCREMENT COMMENT 'รหัสอุปกรณ์', AUTO_INCREMENT=5;

--
-- AUTO_INCREMENT for table `tbl_district`
--
ALTER TABLE `tbl_district`
  MODIFY `district_id` int(11) NOT NULL AUTO_INCREMENT, AUTO_INCREMENT=17;

--
-- AUTO_INCREMENT for table `tbl_ipc`
--
ALTER TABLE `tbl_ipc`
  MODIFY `ipc_id` int(11) NOT NULL AUTO_INCREMENT, AUTO_INCREMENT=47;

--
-- AUTO_INCREMENT for table `tbl_ipc_status`
--
ALTER TABLE `tbl_ipc_status`
  MODIFY `ipc_status` int(11) NOT NULL AUTO_INCREMENT, AUTO_INCREMENT=4;

--
-- AUTO_INCREMENT for table `tbl_place`
--
ALTER TABLE `tbl_place`
  MODIFY `place_id` int(11) NOT NULL AUTO_INCREMENT, AUTO_INCREMENT=19;

--
-- AUTO_INCREMENT for table `tbl_province`
--
ALTER TABLE `tbl_province`
  MODIFY `province_id` int(11) NOT NULL AUTO_INCREMENT COMMENT 'รหัสจังหวัด', AUTO_INCREMENT=2;

--
-- AUTO_INCREMENT for table `tbl_repair`
--
ALTER TABLE `tbl_repair`
  MODIFY `repair_id` int(11) NOT NULL AUTO_INCREMENT, AUTO_INCREMENT=21;

--
-- AUTO_INCREMENT for table `tbl_repair_detail`
--
ALTER TABLE `tbl_repair_detail`
  MODIFY `detail_id` int(11) NOT NULL AUTO_INCREMENT, AUTO_INCREMENT=13;

--
-- AUTO_INCREMENT for table `tbl_roles`
--
ALTER TABLE `tbl_roles`
  MODIFY `role_id` int(11) NOT NULL AUTO_INCREMENT, AUTO_INCREMENT=5;

--
-- AUTO_INCREMENT for table `tbl_service`
--
ALTER TABLE `tbl_service`
  MODIFY `service_id` int(11) NOT NULL AUTO_INCREMENT, AUTO_INCREMENT=3;

--
-- AUTO_INCREMENT for table `tbl_spares`
--
ALTER TABLE `tbl_spares`
  MODIFY `spares_id` int(11) NOT NULL AUTO_INCREMENT COMMENT 'รหัสอะไหล่', AUTO_INCREMENT=40;

--
-- AUTO_INCREMENT for table `tbl_spares_type`
--
ALTER TABLE `tbl_spares_type`
  MODIFY `spares_type_id` int(11) NOT NULL AUTO_INCREMENT COMMENT 'รหัสประเภทอะไหล่', AUTO_INCREMENT=8;

--
-- AUTO_INCREMENT for table `tbl_status`
--
ALTER TABLE `tbl_status`
  MODIFY `status_id` int(11) NOT NULL AUTO_INCREMENT COMMENT 'ไอดีสถานะ', AUTO_INCREMENT=7;

--
-- AUTO_INCREMENT for table `tbl_subdistrict`
--
ALTER TABLE `tbl_subdistrict`
  MODIFY `subdistrict_id` int(11) NOT NULL AUTO_INCREMENT, AUTO_INCREMENT=128;

--
-- AUTO_INCREMENT for table `tbl_user`
--
ALTER TABLE `tbl_user`
  MODIFY `user_Id` int(11) NOT NULL AUTO_INCREMENT COMMENT 'ไอดี', AUTO_INCREMENT=103;

--
-- AUTO_INCREMENT for table `tbl_warranty`
--
ALTER TABLE `tbl_warranty`
  MODIFY `warranty_id` int(11) NOT NULL AUTO_INCREMENT, AUTO_INCREMENT=20;
COMMIT;

/*!40101 SET CHARACTER_SET_CLIENT=@OLD_CHARACTER_SET_CLIENT */;
/*!40101 SET CHARACTER_SET_RESULTS=@OLD_CHARACTER_SET_RESULTS */;
/*!40101 SET COLLATION_CONNECTION=@OLD_COLLATION_CONNECTION */;
